{"cameraMode":{"drawMode":0,"name":"Shaded","section":"Shading Mode"},"sceneLighting":false,"audioPlay":false,"sceneViewState":{"m_AlwaysRefresh":false,"showFog":true,"showSkybox":false,"showFlares":true,"showImageEffects":true,"showParticleSystems":true,"showVisualEffectGraphs":true,"m_FxEnabled":true},"in2DMode":false,"pivot":{"x":210.63848876953126,"y":13.958000183105469,"z":192.6999969482422},"rotation":{"x":0.11743831634521485,"y":0.19266299903392793,"z":-0.023227175697684289,"w":0.9739485383033752},"size":0.18992795050144196,"orthographic":false}